{"cameraMode":{"drawMode":0,"name":"Shaded","section":"Shading Mode"},"sceneLighting":true,"audioPlay":false,"sceneViewState":{"m_AlwaysRefresh":false,"showFog":true,"showSkybox":true,"showFlares":true,"showImageEffects":true,"showParticleSystems":true,"showVisualEffectGraphs":true,"m_FxEnabled":true},"in2DMode":false,"pivot":{"x":-0.8655796051025391,"y":24.44073486328125,"z":-3.088886260986328},"rotation":{"x":0.006087292917072773,"y":-0.26270419359207156,"z":0.0016607546713203192,"w":0.9648725986480713},"size":37.43263244628906,"orthographic":false}